{
    "prepare_queue": {
        "installed": [],
        "uninstalled": []
    },
    "config_munge": {
        "files": {
            "config.xml": {
                "parents": {
                    "/*": [
                        {
                            "xml": "<feature name=\"Device\"><param name=\"wp-package\" value=\"Device\" /></feature>",
                            "count": 1
                        }
                    ]
                }
            },
            "Properties/WMAppManifest.xml": {
                "parents": {
                    "/Deployment/App/Capabilities": [
                        {
                            "xml": "<Capability Name=\"ID_CAP_IDENTITY_DEVICE\" />",
                            "count": 1
                        }
                    ]
                }
            }
        }
    },
    "installed_plugins": {
        "cordova-plugin-whitelist": {
            "PACKAGE_NAME": "{d46dfd10-08aa-11e7-851a-d1a359ba7801}"
        },
        "cordova-sqlite-storage": {
            "PACKAGE_NAME": "{d46dfd10-08aa-11e7-851a-d1a359ba7801}"
        },
        "cordova-plugin-device": {
            "PACKAGE_NAME": "{d46dfd10-08aa-11e7-851a-d1a359ba7801}"
        },
        "cordova-plugin-app-event": {
            "PACKAGE_NAME": "{d46dfd10-08aa-11e7-851a-d1a359ba7801}"
        },
        "de.appplant.cordova.plugin.local-notification": {
            "PACKAGE_NAME": "{d46dfd10-08aa-11e7-851a-d1a359ba7801}"
        }
    },
    "dependent_plugins": {},
    "modules": [
        {
            "file": "plugins/cordova-sqlite-storage/www/SQLitePlugin.js",
            "id": "cordova-sqlite-storage.SQLitePlugin",
            "pluginId": "cordova-sqlite-storage",
            "clobbers": [
                "SQLitePlugin"
            ]
        },
        {
            "file": "plugins/cordova-plugin-device/www/device.js",
            "id": "cordova-plugin-device.device",
            "pluginId": "cordova-plugin-device",
            "clobbers": [
                "device"
            ]
        },
        {
            "file": "plugins/de.appplant.cordova.plugin.local-notification/www/local-notification.js",
            "id": "de.appplant.cordova.plugin.local-notification.LocalNotification",
            "pluginId": "de.appplant.cordova.plugin.local-notification",
            "clobbers": [
                "cordova.plugins.notification.local",
                "plugin.notification.local"
            ]
        },
        {
            "file": "plugins/de.appplant.cordova.plugin.local-notification/www/local-notification-core.js",
            "id": "de.appplant.cordova.plugin.local-notification.LocalNotification.Core",
            "pluginId": "de.appplant.cordova.plugin.local-notification",
            "clobbers": [
                "cordova.plugins.notification.local.core",
                "plugin.notification.local.core"
            ]
        },
        {
            "file": "plugins/de.appplant.cordova.plugin.local-notification/www/local-notification-util.js",
            "id": "de.appplant.cordova.plugin.local-notification.LocalNotification.Util",
            "pluginId": "de.appplant.cordova.plugin.local-notification",
            "merges": [
                "cordova.plugins.notification.local.core",
                "plugin.notification.local.core"
            ]
        }
    ],
    "plugin_metadata": {
        "cordova-plugin-whitelist": "1.3.1",
        "cordova-sqlite-storage": "1.5.3",
        "cordova-plugin-device": "1.1.5",
        "cordova-plugin-app-event": "1.2.0",
        "de.appplant.cordova.plugin.local-notification": "0.8.4"
    }
}