{
    "prepare_queue": {
        "installed": [],
        "uninstalled": []
    },
    "config_munge": {
        "files": {
            "config.xml": {
                "parents": {
                    "/*": [
                        {
                            "xml": "<preference name=\"WindowsToastCapable\" value=\"true\" />",
                            "count": 1
                        }
                    ]
                }
            }
        }
    },
    "installed_plugins": {
        "cordova-plugin-whitelist": {
            "PACKAGE_NAME": "DW04"
        },
        "cordova-sqlite-storage": {
            "PACKAGE_NAME": "DW04"
        },
        "cordova-plugin-device": {
            "PACKAGE_NAME": "DW04"
        },
        "cordova-plugin-app-event": {
            "PACKAGE_NAME": "DW04"
        },
        "de.appplant.cordova.plugin.local-notification": {
            "PACKAGE_NAME": "DW04"
        }
    },
    "dependent_plugins": {},
    "modules": [
        {
            "file": "plugins/cordova-sqlite-storage/www/SQLitePlugin.js",
            "id": "cordova-sqlite-storage.SQLitePlugin",
            "pluginId": "cordova-sqlite-storage",
            "clobbers": [
                "SQLitePlugin"
            ]
        },
        {
            "file": "plugins/cordova-sqlite-storage/src/windows/sqlite-proxy.js",
            "id": "cordova-sqlite-storage.SQLiteProxy",
            "pluginId": "cordova-sqlite-storage",
            "runs": true
        },
        {
            "file": "plugins/cordova-sqlite-storage/src/windows/SQLite3-Win-RT/SQLite3JS/js/SQLite3.js",
            "id": "cordova-sqlite-storage.SQLite3",
            "pluginId": "cordova-sqlite-storage",
            "runs": true
        },
        {
            "file": "plugins/cordova-plugin-device/www/device.js",
            "id": "cordova-plugin-device.device",
            "pluginId": "cordova-plugin-device",
            "clobbers": [
                "device"
            ]
        },
        {
            "file": "plugins/cordova-plugin-device/src/windows/DeviceProxy.js",
            "id": "cordova-plugin-device.DeviceProxy",
            "pluginId": "cordova-plugin-device",
            "runs": true
        },
        {
            "file": "plugins/de.appplant.cordova.plugin.local-notification/www/local-notification.js",
            "id": "de.appplant.cordova.plugin.local-notification.LocalNotification",
            "pluginId": "de.appplant.cordova.plugin.local-notification",
            "clobbers": [
                "cordova.plugins.notification.local",
                "plugin.notification.local"
            ]
        },
        {
            "file": "plugins/de.appplant.cordova.plugin.local-notification/www/local-notification-core.js",
            "id": "de.appplant.cordova.plugin.local-notification.LocalNotification.Core",
            "pluginId": "de.appplant.cordova.plugin.local-notification",
            "clobbers": [
                "cordova.plugins.notification.local.core",
                "plugin.notification.local.core"
            ]
        },
        {
            "file": "plugins/de.appplant.cordova.plugin.local-notification/www/local-notification-util.js",
            "id": "de.appplant.cordova.plugin.local-notification.LocalNotification.Util",
            "pluginId": "de.appplant.cordova.plugin.local-notification",
            "merges": [
                "cordova.plugins.notification.local.core",
                "plugin.notification.local.core"
            ]
        },
        {
            "file": "plugins/de.appplant.cordova.plugin.local-notification/src/windows/LocalNotificationProxy.js",
            "id": "de.appplant.cordova.plugin.local-notification.LocalNotification.Proxy",
            "pluginId": "de.appplant.cordova.plugin.local-notification",
            "merges": [
                ""
            ]
        },
        {
            "file": "plugins/de.appplant.cordova.plugin.local-notification/src/windows/LocalNotificationCore.js",
            "id": "de.appplant.cordova.plugin.local-notification.LocalNotification.Proxy.Core",
            "pluginId": "de.appplant.cordova.plugin.local-notification",
            "merges": [
                ""
            ]
        },
        {
            "file": "plugins/de.appplant.cordova.plugin.local-notification/src/windows/LocalNotificationUtil.js",
            "id": "de.appplant.cordova.plugin.local-notification.LocalNotification.Proxy.Util",
            "pluginId": "de.appplant.cordova.plugin.local-notification",
            "merges": [
                ""
            ]
        }
    ],
    "plugin_metadata": {
        "cordova-plugin-whitelist": "1.3.1",
        "cordova-sqlite-storage": "1.5.3",
        "cordova-plugin-device": "1.1.5",
        "cordova-plugin-app-event": "1.2.0",
        "de.appplant.cordova.plugin.local-notification": "0.8.4"
    }
}